{"stats":{"minecraft:used":{"create:handheld_worldshaper":1,"create:crushing_wheel":1,"minecraft:spruce_wood":29,"create:large_water_wheel":5,"create:creative_motor":15},"minecraft:dropped":{"create:super_glue":1},"minecraft:custom":{"minecraft:jump":17,"minecraft:time_since_rest":26908,"minecraft:walk_on_water_one_cm":987,"minecraft:crouch_one_cm":398,"minecraft:leave_game":5,"minecraft:play_time":26908,"minecraft:sprint_one_cm":85,"minecraft:time_since_death":26908,"minecraft:walk_one_cm":13516,"minecraft:sneak_time":655,"minecraft:total_world_time":26908,"minecraft:walk_under_water_one_cm":2946,"minecraft:drop":1,"minecraft:fly_one_cm":31299},"minecraft:picked_up":{"create:creative_motor":9,"create:super_glue":1,"minecraft:wheat_seeds":3}},"DataVersion":3465}