{"stats":{"minecraft:killed":{"minecraft:tropical_fish":2},"minecraft:used":{"create:honey_bucket":1,"create:wand_of_symmetry":2,"minecraft:wooden_axe":2,"minecraft:water_bucket":22,"minecraft:sand":55,"minecraft:cobblestone":60,"minecraft:birch_leaves":45,"minecraft:grass_block":69,"minecraft:obsidian":7,"create:large_water_wheel":2,"create:creative_motor":1},"minecraft:custom":{"minecraft:time_since_rest":29456,"minecraft:crouch_one_cm":712,"minecraft:play_time":29456,"minecraft:damage_taken":10,"minecraft:walk_one_cm":10268,"minecraft:sneak_time":3417,"minecraft:walk_under_water_one_cm":63752,"minecraft:mob_kills":2,"minecraft:jump":62,"minecraft:damage_dealt":60,"minecraft:leave_game":1,"minecraft:walk_on_water_one_cm":14270,"minecraft:time_since_death":29456,"minecraft:total_world_time":29456,"minecraft:fall_one_cm":1020,"minecraft:fly_one_cm":220458},"minecraft:picked_up":{"minecraft:wheat_seeds":3}},"DataVersion":3465}