{"stats":{"minecraft:killed":{"minecraft:tropical_fish":2},"minecraft:used":{"minecraft:water_bucket":4,"minecraft:wooden_axe":2,"minecraft:sand":55,"minecraft:grass_block":23,"minecraft:birch_leaves":45},"minecraft:custom":{"minecraft:jump":46,"minecraft:time_since_rest":17456,"minecraft:damage_dealt":60,"minecraft:crouch_one_cm":128,"minecraft:leave_game":1,"minecraft:time_since_death":17456,"minecraft:play_time":17456,"minecraft:walk_one_cm":8125,"minecraft:walk_on_water_one_cm":4795,"minecraft:sneak_time":2526,"minecraft:total_world_time":17456,"minecraft:walk_under_water_one_cm":50896,"minecraft:mob_kills":2,"minecraft:fall_one_cm":418,"minecraft:fly_one_cm":123325}},"DataVersion":3465}